type,index,status,time_total_ms
mcp-weather,1,406,54
mcp-weather,2,406,65
mcp-weather,3,406,61
mcp-weather,5,406,60
mcp-weather,4,406,62
mcp-weather,6,406,58
mcp-weather,7,406,62
mcp-weather,8,406,56
mcp-weather,9,406,58
mcp-weather,11,406,61
mcp-weather,10,406,75
mcp-weather,12,406,93
mcp-weather,13,406,94
mcp-weather,15,406,80
mcp-weather,14,406,90
mcp-weather,16,406,87
mcp-weather,18,406,94
mcp-weather,17,406,108
mcp-weather,19,406,98
mcp-weather,20,406,96
mcp-weather,24,406,59
mcp-weather,21,406,80
mcp-weather,22,406,75
mcp-weather,25,406,79
mcp-weather,23,406,93
mcp-weather,27,406,73
mcp-weather,26,406,82
mcp-weather,28,406,65
mcp-weather,29,406,65
mcp-weather,31,406,65
mcp-weather,30,406,69
mcp-weather,32,406,61
mcp-weather,34,406,53
mcp-weather,35,406,54
mcp-weather,33,406,67
mcp-weather,36,406,56
mcp-weather,37,406,56
mcp-weather,38,406,63
mcp-weather,39,406,58
mcp-weather,40,406,65
mcp-weather,43,406,55
mcp-weather,41,406,67
mcp-weather,42,406,62
mcp-weather,45,406,58
mcp-weather,44,406,65
mcp-weather,47,406,76
mcp-weather,46,406,79
mcp-weather,48,406,68
mcp-weather,49,406,60
mcp-weather,50,406,65
mcp-weather,52,406,70
mcp-weather,55,406,54
mcp-weather,53,406,69
mcp-weather,51,406,83
mcp-weather,54,406,62
mcp-weather,57,406,51
mcp-weather,56,406,51
mcp-weather,58,406,63
mcp-weather,59,406,61
mcp-weather,60,406,62
mcp-weather,61,406,78
mcp-weather,65,406,62
mcp-weather,62,406,80
mcp-weather,64,406,72
mcp-weather,63,406,77
mcp-weather,67,406,108
mcp-weather,66,406,129
mcp-weather,70,406,121
mcp-weather,68,406,132
mcp-weather,69,406,130
mcp-weather,75,406,138
mcp-weather,72,406,167
mcp-weather,78,406,125
mcp-weather,74,406,162
mcp-weather,76,406,144
mcp-weather,86,406,70
mcp-weather,71,406,197
mcp-weather,84,406,104
mcp-weather,79,406,131
mcp-weather,77,406,136
mcp-weather,73,406,187
mcp-weather,80,406,140
mcp-weather,85,406,108
mcp-weather,83,406,124
mcp-weather,82,406,114
mcp-weather,81,406,124
mcp-weather,87,406,71
mcp-weather,90,406,74
mcp-weather,89,406,79
mcp-weather,88,406,82
mcp-weather,91,406,62
mcp-weather,92,406,64
mcp-weather,93,406,59
mcp-weather,94,406,66
mcp-weather,95,406,65
mcp-weather,96,406,60
mcp-weather,97,406,61
mcp-weather,98,406,79
mcp-weather,101,406,56
mcp-weather,100,406,66
mcp-weather,99,406,82
mcp-weather,102,406,63
mcp-weather,103,406,69
mcp-weather,104,406,70
mcp-weather,105,406,70
mcp-weather,109,406,63
mcp-weather,107,406,67
mcp-weather,108,406,67
mcp-weather,106,406,71
mcp-weather,110,406,57
mcp-weather,111,406,64
mcp-weather,112,406,69
mcp-weather,113,406,100
mcp-weather,116,406,89
mcp-weather,115,406,105
mcp-weather,114,406,100
mcp-weather,117,406,81
mcp-weather,119,406,85
mcp-weather,123,406,83
mcp-weather,118,406,91
mcp-weather,124,406,78
mcp-weather,127,406,69
mcp-weather,128,406,68
mcp-weather,126,406,77
mcp-weather,125,406,84
mcp-weather,120,406,100
mcp-weather,122,406,103
mcp-weather,130,406,70
mcp-weather,131,406,72
mcp-weather,121,406,114
mcp-weather,129,406,75
mcp-weather,132,406,72
mcp-weather,134,406,66
mcp-weather,133,406,72
mcp-weather,135,406,78
mcp-weather,137,406,99
mcp-weather,136,406,90
mcp-weather,139,406,83
mcp-weather,138,406,92
mcp-weather,140,406,83
mcp-weather,144,406,73
mcp-weather,141,406,83
mcp-weather,142,406,81
mcp-weather,143,406,86
mcp-weather,145,406,75
mcp-weather,148,406,64
mcp-weather,146,406,85
mcp-weather,147,406,72
mcp-weather,151,406,54
mcp-weather,149,406,64
mcp-weather,152,406,60
mcp-weather,150,406,75
mcp-weather,153,406,66
mcp-weather,154,406,67
mcp-weather,155,406,67
mcp-weather,157,406,74
mcp-weather,156,406,81
mcp-weather,158,406,57
mcp-weather,159,406,72
mcp-weather,161,406,60
mcp-weather,162,406,72
mcp-weather,160,406,84
mcp-weather,166,406,61
mcp-weather,163,406,72
mcp-weather,164,406,82
mcp-weather,168,406,70
mcp-weather,167,406,72
mcp-weather,165,406,92
mcp-weather,169,406,64
mcp-weather,172,406,59
mcp-weather,171,406,71
mcp-weather,170,406,83
mcp-weather,174,406,69
mcp-weather,175,406,73
mcp-weather,176,406,70
mcp-weather,173,406,75
mcp-weather,177,406,69
mcp-weather,178,406,64
mcp-weather,180,406,56
mcp-weather,179,406,54
mcp-weather,181,406,58
mcp-weather,182,406,57
mcp-weather,183,406,60
mcp-weather,184,406,59
mcp-weather,186,406,51
mcp-weather,185,406,58
mcp-weather,187,406,58
mcp-weather,188,406,65
mcp-weather,190,406,69
mcp-weather,191,406,109
mcp-weather,189,406,119
mcp-weather,194,406,83
mcp-weather,192,406,100
mcp-weather,195,406,97
mcp-weather,196,406,96
mcp-weather,198,406,94
mcp-weather,197,406,94
mcp-weather,199,406,94
mcp-weather,193,406,109
mcp-weather,200,406,87
